Seed,Updates,de_layer_0,de_layer_1,de_layer_2,de_layer_3,de_layer_4,de_layer_5,de_layer_6,de_layer_7,de_layer_8,de_layer_9,de_layer_10,de_layer_11,de_layer_12,fr_layer_0,fr_layer_1,fr_layer_2,fr_layer_3,fr_layer_4,fr_layer_5,fr_layer_6,fr_layer_7,fr_layer_8,fr_layer_9,fr_layer_10,fr_layer_11,fr_layer_12,de2fr_layer_0,de2fr_layer_1,de2fr_layer_2,de2fr_layer_3,de2fr_layer_4,de2fr_layer_5,de2fr_layer_6,de2fr_layer_7,de2fr_layer_8,de2fr_layer_9,de2fr_layer_10,de2fr_layer_11,de2fr_layer_12
1,0,0,0,0,0,0,0,0,0,0,0,0,0,0,0,0,0,0,0,0,0,0,0,0,0,0,0,0,0,0,0,0,0,0,0,0,0,0,0,0
1,10,0.15471,0.27966,0.29052,0.34065,0.33759,0.38766,0.4045,0.36639,0.3689,0.39027,0.30299,0.24062,0.1719,0.15506,0.25448,0.29787,0.30177,0.30488,0.32867,0.32842,0.31988,0.32148,0.37491,0.35013,0.26292,0.19298,0.1741,0.29174,0.29682,0.33191,0.35718,0.36458,0.32262,0.37233,0.40255,0.35847,0.26117,0.221,0.15606
1,20,0.24643,0.37332,0.42261,0.48213,0.51845,0.56816,0.59315,0.58855,0.57887,0.58713,0.51195,0.44147,0.28732,0.24743,0.36942,0.41868,0.43978,0.47474,0.49791,0.48102,0.49123,0.49973,0.52607,0.50629,0.44685,0.3071,0.25803,0.38635,0.44241,0.48277,0.50826,0.51482,0.50409,0.51836,0.55196,0.51526,0.44222,0.41058,0.28847
1,30,0.29299,0.41819,0.4809,0.54481,0.58784,0.62602,0.65135,0.65428,0.65158,0.65908,0.61537,0.56729,0.38864,0.29647,0.40971,0.47259,0.50286,0.53218,0.55786,0.54861,0.55498,0.56916,0.59023,0.57215,0.54073,0.41293,0.29932,0.42196,0.4954,0.53455,0.56586,0.57399,0.56966,0.57963,0.60262,0.57655,0.53193,0.50788,0.37374
1,40,0.3169,0.43775,0.51242,0.57954,0.62258,0.66165,0.68364,0.68578,0.68629,0.69155,0.65717,0.62327,0.47973,0.32257,0.42875,0.50012,0.53764,0.56518,0.59027,0.58397,0.58902,0.60325,0.61755,0.59804,0.57269,0.49361,0.32234,0.44067,0.52311,0.56308,0.59632,0.60333,0.6014,0.60901,0.62409,0.60194,0.56791,0.54769,0.45223
1,50,0.33848,0.45651,0.53118,0.59861,0.64167,0.68314,0.70302,0.70581,0.70726,0.71023,0.68131,0.65449,0.53416,0.34543,0.44439,0.5177,0.55609,0.58598,0.61026,0.60577,0.61083,0.62153,0.63318,0.61293,0.59068,0.52128,0.34544,0.45348,0.53985,0.57954,0.61352,0.62111,0.62099,0.6242,0.63721,0.61683,0.58751,0.56909,0.49201
1,60,0.34709,0.46506,0.54354,0.61135,0.65456,0.69566,0.71576,0.71833,0.72059,0.72288,0.69738,0.67496,0.56669,0.35299,0.45243,0.52929,0.56965,0.59885,0.62309,0.62045,0.62548,0.63472,0.64286,0.62381,0.60389,0.54057,0.3535,0.4634,0.55202,0.59079,0.62538,0.63354,0.63395,0.63585,0.64746,0.62823,0.60212,0.58499,0.5167
1,70,0.35792,0.47398,0.55132,0.61924,0.66212,0.70387,0.72388,0.7274,0.72889,0.73162,0.7089,0.68876,0.59037,0.36441,0.46141,0.53764,0.57724,0.60593,0.63004,0.62937,0.63362,0.64205,0.64859,0.63133,0.61265,0.55354,0.36524,0.47254,0.56085,0.59895,0.63243,0.64107,0.64207,0.64312,0.65279,0.63554,0.6118,0.5948,0.53082
1,80,0.36668,0.47803,0.55761,0.62604,0.66801,0.70956,0.72901,0.73269,0.73513,0.73751,0.71701,0.69762,0.60977,0.37115,0.46615,0.54198,0.58412,0.61343,0.63657,0.63566,0.63924,0.64723,0.65385,0.63632,0.6192,0.56572,0.37299,0.4759,0.56495,0.6035,0.63773,0.64746,0.64699,0.6485,0.65709,0.64136,0.61834,0.60152,0.54389
1,90,0.37214,0.48278,0.56129,0.62867,0.67207,0.71325,0.73265,0.7372,0.73983,0.74235,0.72262,0.70367,0.62527,0.37752,0.47046,0.54744,0.58828,0.61663,0.64116,0.64032,0.64366,0.65132,0.65713,0.64106,0.62447,0.57428,0.37949,0.47967,0.56947,0.60714,0.64049,0.65187,0.65089,0.65258,0.6615,0.64556,0.62377,0.60772,0.55405
1,100,0.37554,0.48733,0.56613,0.63388,0.67649,0.71773,0.73609,0.74233,0.74417,0.74698,0.72786,0.70922,0.63658,0.38129,0.47306,0.55126,0.59279,0.62045,0.64464,0.64488,0.64957,0.65641,0.66186,0.64537,0.62822,0.58166,0.38324,0.48453,0.57469,0.61263,0.64449,0.65583,0.65593,0.65746,0.66605,0.65017,0.62858,0.61325,0.56243
1,110,0.37884,0.48998,0.57013,0.63582,0.67938,0.71945,0.73945,0.74472,0.74762,0.74981,0.73231,0.71474,0.64314,0.38385,0.47492,0.55432,0.59597,0.62408,0.6474,0.64766,0.65252,0.65917,0.66467,0.64834,0.63229,0.58521,0.38562,0.4853,0.57765,0.61394,0.64685,0.65827,0.65876,0.66076,0.66887,0.65371,0.63222,0.61638,0.56597
1,120,0.383,0.49243,0.57245,0.63795,0.68177,0.72223,0.74244,0.74743,0.75071,0.7527,0.73591,0.71919,0.65129,0.38792,0.4799,0.55707,0.59857,0.62603,0.65032,0.65003,0.65421,0.66167,0.66673,0.6512,0.6355,0.59023,0.39071,0.48915,0.57997,0.61665,0.64903,0.66028,0.66084,0.66255,0.67047,0.65571,0.63595,0.6202,0.57269
1,130,0.38511,0.49494,0.57586,0.64073,0.68436,0.72366,0.74469,0.75066,0.75339,0.75494,0.73857,0.72262,0.65877,0.39111,0.48201,0.55922,0.60082,0.6287,0.65209,0.65279,0.65782,0.66361,0.66835,0.6531,0.63835,0.59522,0.39343,0.49157,0.58185,0.61829,0.65159,0.66191,0.66302,0.66498,0.67212,0.65742,0.63817,0.62273,0.57795
1,140,0.38871,0.49775,0.5774,0.64122,0.68574,0.72536,0.74661,0.75281,0.75426,0.75643,0.74038,0.72422,0.664,0.39382,0.48429,0.5614,0.60202,0.6297,0.65385,0.65519,0.65957,0.6659,0.67071,0.65554,0.64013,0.59752,0.39735,0.49373,0.58371,0.62087,0.65316,0.66399,0.66503,0.66673,0.67402,0.65952,0.64036,0.62484,0.58051
1,150,0.38816,0.50028,0.5803,0.64534,0.68823,0.72724,0.74744,0.75388,0.75627,0.75736,0.74162,0.7261,0.66844,0.39286,0.48678,0.56494,0.60506,0.63315,0.65666,0.6582,0.66261,0.66815,0.67338,0.65837,0.64352,0.60081,0.39587,0.4943,0.5861,0.62286,0.65646,0.66774,0.66783,0.6699,0.67777,0.66234,0.64369,0.6286,0.58438
1,160,0.39282,0.5009,0.58102,0.64633,0.6909,0.7296,0.74911,0.7561,0.75812,0.76021,0.7437,0.72834,0.67268,0.39765,0.48854,0.56632,0.60591,0.63481,0.65758,0.65948,0.66293,0.66983,0.67439,0.65975,0.64456,0.60405,0.40066,0.49693,0.58837,0.62435,0.6571,0.66817,0.66907,0.6701,0.67846,0.664,0.64555,0.63014,0.58791
1,170,0.39561,0.50322,0.5844,0.64828,0.69188,0.73145,0.7508,0.75778,0.75986,0.76251,0.7467,0.73121,0.67753,0.4005,0.49097,0.56837,0.60868,0.63611,0.65973,0.66156,0.66555,0.67184,0.67651,0.66174,0.64658,0.60687,0.4038,0.49862,0.59034,0.62649,0.65892,0.66984,0.6717,0.67297,0.67982,0.66589,0.6475,0.6318,0.591
1,180,0.39525,0.50375,0.58578,0.64953,0.69346,0.73222,0.7524,0.7586,0.76103,0.76357,0.74829,0.73288,0.68065,0.40081,0.49092,0.56835,0.61002,0.63719,0.6608,0.66237,0.66686,0.67306,0.67742,0.6639,0.64939,0.60939,0.40323,0.49879,0.59137,0.62689,0.65981,0.67099,0.67312,0.67402,0.68074,0.66792,0.64965,0.63395,0.59366
1,190,0.39689,0.50468,0.58745,0.65186,0.69521,0.73345,0.75286,0.75911,0.76277,0.76477,0.74996,0.73456,0.68361,0.40065,0.4927,0.57045,0.6118,0.63887,0.66259,0.66437,0.66872,0.67512,0.67931,0.6653,0.6511,0.61297,0.40409,0.50039,0.59389,0.62888,0.66154,0.67264,0.675,0.67627,0.68329,0.67052,0.65163,0.63659,0.59703
1,200,0.39782,0.50527,0.58778,0.65246,0.69588,0.73488,0.75416,0.76094,0.76377,0.76588,0.75076,0.73615,0.6872,0.40317,0.49339,0.57149,0.61276,0.63964,0.6637,0.66519,0.66959,0.67579,0.68029,0.66639,0.65223,0.61443,0.40519,0.50102,0.59426,0.6296,0.66191,0.67435,0.67569,0.67637,0.68331,0.67072,0.65314,0.63793,0.59902
1,210,0.39896,0.50556,0.58821,0.65292,0.6965,0.73482,0.75475,0.76205,0.7645,0.76686,0.75211,0.73706,0.68965,0.4033,0.4933,0.5717,0.61306,0.64065,0.66462,0.66595,0.67069,0.67637,0.68099,0.66729,0.65286,0.61601,0.4062,0.49958,0.59415,0.63,0.66305,0.67496,0.67688,0.67755,0.68416,0.67109,0.65357,0.63841,0.60045
1,220,0.40151,0.50954,0.58968,0.65385,0.69756,0.73547,0.75576,0.76262,0.76551,0.76783,0.75319,0.73832,0.69121,0.40603,0.49636,0.5742,0.61494,0.64284,0.66641,0.66748,0.67152,0.67788,0.68188,0.66881,0.65429,0.61808,0.40873,0.5035,0.59548,0.63139,0.6644,0.67677,0.67861,0.67943,0.68705,0.67351,0.65581,0.64005,0.60256
1,230,0.40128,0.50958,0.59114,0.65485,0.69852,0.73704,0.75664,0.76425,0.7675,0.76943,0.7549,0.73931,0.69372,0.40564,0.49654,0.57529,0.6163,0.64327,0.66717,0.66915,0.67305,0.6786,0.68254,0.66986,0.65596,0.62004,0.40868,0.50402,0.59746,0.63269,0.66476,0.6773,0.67923,0.67971,0.6868,0.67423,0.6574,0.64202,0.60431
1,240,0.40398,0.51185,0.59166,0.65547,0.69902,0.73725,0.75693,0.76416,0.76794,0.77041,0.75645,0.74054,0.69619,0.40852,0.49928,0.57591,0.61669,0.64296,0.6674,0.66967,0.67291,0.67896,0.68285,0.67101,0.65667,0.62139,0.41124,0.50583,0.59714,0.63218,0.66515,0.67788,0.67926,0.68038,0.68813,0.67513,0.65806,0.64215,0.60651
1,250,0.40373,0.51169,0.592,0.65585,0.69855,0.73802,0.75791,0.76473,0.76861,0.77139,0.75666,0.74177,0.69758,0.40833,0.49935,0.5761,0.61619,0.64354,0.66737,0.66939,0.67364,0.67921,0.68304,0.67133,0.65682,0.62222,0.41067,0.50603,0.5971,0.63242,0.66497,0.67755,0.67988,0.68024,0.68801,0.67614,0.6589,0.64406,0.60771
1,260,0.40365,0.51257,0.59268,0.65679,0.69985,0.7383,0.75795,0.76569,0.769,0.77118,0.75696,0.743,0.69914,0.40857,0.49953,0.5769,0.61733,0.6445,0.6692,0.67084,0.67513,0.68008,0.68536,0.6724,0.65802,0.62291,0.41019,0.50719,0.59801,0.63302,0.66659,0.67874,0.68129,0.68104,0.68914,0.67671,0.65956,0.64398,0.6083
1,270,0.40682,0.5145,0.59432,0.65752,0.70112,0.74022,0.759,0.76637,0.76976,0.77188,0.75786,0.74343,0.70044,0.41119,0.50146,0.57809,0.61866,0.64626,0.66978,0.67157,0.67581,0.68113,0.68536,0.67321,0.65839,0.62462,0.41376,0.50832,0.5989,0.63526,0.66737,0.68001,0.68133,0.68188,0.68961,0.67765,0.6612,0.64506,0.6102
1,280,0.40517,0.51345,0.59489,0.65876,0.70177,0.7406,0.75963,0.76712,0.77051,0.77297,0.75913,0.74384,0.701,0.41057,0.50121,0.57806,0.61937,0.64669,0.67094,0.67291,0.67721,0.68273,0.68698,0.67381,0.65955,0.62641,0.41285,0.50773,0.59887,0.6356,0.66818,0.68007,0.68284,0.68347,0.68991,0.67802,0.66128,0.64619,0.61127
1,290,0.40551,0.51397,0.59598,0.65907,0.70194,0.74042,0.76006,0.76817,0.77091,0.77403,0.75986,0.74556,0.70292,0.4096,0.50037,0.57823,0.61926,0.64695,0.67056,0.6733,0.6777,0.68229,0.68655,0.67416,0.66003,0.62646,0.41186,0.50846,0.59983,0.63639,0.66843,0.67995,0.68285,0.68215,0.6898,0.67811,0.66208,0.647,0.61307
1,300,0.4079,0.51609,0.59664,0.66023,0.70354,0.74053,0.76027,0.76902,0.7718,0.77486,0.76027,0.74612,0.70461,0.41251,0.50303,0.58027,0.62156,0.64802,0.67192,0.67455,0.67878,0.68344,0.68744,0.67547,0.66035,0.62799,0.41504,0.5105,0.60176,0.63788,0.66937,0.68203,0.68419,0.68455,0.69034,0.67981,0.66366,0.64788,0.61463
2,0,0,0,0,0,0,0,0,0,0,0,0,0,0,0,0,0,0,0,0,0,0,0,0,0,0,0,0,0,0,0,0,0,0,0,0,0,0,0,0
2,10,0.15523,0.27542,0.29252,0.35371,0.38485,0.38869,0.34031,0.4855,0.39989,0.35398,0.2281,0.24633,0.20422,0.18239,0.27597,0.31336,0.34095,0.33664,0.36216,0.28657,0.33994,0.37883,0.3174,0.31315,0.27406,0.23306,0.17616,0.27414,0.31525,0.31845,0.34708,0.34708,0.36847,0.32219,0.30273,0.27822,0.28633,0.26807,0.17333
2,20,0.25037,0.37414,0.43347,0.48641,0.53995,0.56982,0.58422,0.63367,0.62152,0.58035,0.47497,0.43307,0.30022,0.26264,0.3782,0.42855,0.47095,0.49871,0.50777,0.49512,0.52182,0.52767,0.49547,0.47332,0.4313,0.30474,0.24071,0.37255,0.42866,0.47857,0.49546,0.4983,0.51472,0.49753,0.48673,0.47185,0.45733,0.44102,0.29365
2,30,0.28966,0.41218,0.49159,0.54369,0.59919,0.62804,0.65003,0.68208,0.68466,0.65758,0.59529,0.5633,0.39099,0.30259,0.41802,0.4808,0.52577,0.55646,0.5677,0.55686,0.58507,0.58567,0.56186,0.54264,0.51787,0.39814,0.28789,0.41652,0.48521,0.53935,0.55851,0.56211,0.57759,0.5671,0.55908,0.55066,0.54016,0.51959,0.37781
2,40,0.31465,0.43196,0.52094,0.57562,0.62995,0.66166,0.68406,0.70783,0.71136,0.69226,0.64785,0.62124,0.48877,0.32703,0.43739,0.50763,0.55489,0.58747,0.60077,0.59051,0.61323,0.61081,0.59222,0.57152,0.55365,0.47186,0.3085,0.43816,0.51515,0.57246,0.594,0.59484,0.60699,0.60097,0.59275,0.58035,0.57057,0.55001,0.45497
2,50,0.3382,0.44866,0.53989,0.59389,0.64702,0.68157,0.70288,0.72213,0.72848,0.71259,0.67763,0.65237,0.54083,0.34963,0.45375,0.52415,0.5708,0.6059,0.61791,0.61161,0.62992,0.62684,0.60832,0.59058,0.57348,0.50163,0.33038,0.45441,0.53379,0.59098,0.61199,0.61389,0.62385,0.61933,0.61124,0.59881,0.58679,0.56853,0.49032
2,60,0.34702,0.45721,0.55172,0.607,0.65848,0.69369,0.71632,0.73214,0.73929,0.72633,0.69581,0.67153,0.57158,0.35726,0.46237,0.5357,0.5832,0.61783,0.63013,0.62604,0.64026,0.63701,0.6203,0.60453,0.58734,0.52162,0.34107,0.46237,0.54469,0.60398,0.62425,0.62725,0.63627,0.63173,0.62436,0.6119,0.60073,0.58391,0.51357
2,70,0.35951,0.46775,0.56151,0.61459,0.66582,0.70137,0.72361,0.73858,0.74594,0.73482,0.70819,0.68575,0.59579,0.36879,0.47188,0.54258,0.59088,0.62487,0.63763,0.63443,0.64789,0.64263,0.6285,0.61251,0.59699,0.53732,0.35107,0.47091,0.55352,0.61116,0.63155,0.63474,0.6436,0.63964,0.633,0.62092,0.60994,0.5934,0.52831
2,80,0.36629,0.47089,0.56658,0.61982,0.67101,0.70536,0.72771,0.74318,0.75096,0.741,0.71603,0.69611,0.61536,0.376,0.47586,0.5485,0.59624,0.63008,0.64313,0.64078,0.65245,0.64905,0.63438,0.61907,0.60351,0.55015,0.36024,0.47626,0.56011,0.61779,0.63762,0.64058,0.64948,0.64602,0.64011,0.62785,0.61514,0.60032,0.53995
2,90,0.37314,0.47702,0.57089,0.62371,0.67528,0.71014,0.73159,0.74606,0.7545,0.74571,0.72254,0.70388,0.62928,0.38202,0.48034,0.55267,0.59955,0.63458,0.64809,0.64563,0.65626,0.65298,0.63864,0.62415,0.60911,0.55896,0.36657,0.48004,0.56381,0.62199,0.64158,0.64545,0.6544,0.65141,0.6452,0.63303,0.62111,0.60572,0.5505
2,100,0.37775,0.48105,0.57557,0.62895,0.67951,0.71427,0.73526,0.74967,0.75794,0.74954,0.72678,0.70953,0.64002,0.38576,0.48416,0.55704,0.60383,0.63819,0.65169,0.64956,0.66106,0.65675,0.64256,0.6289,0.61377,0.56633,0.37115,0.48442,0.56851,0.6269,0.6465,0.65041,0.65903,0.65677,0.65029,0.63839,0.62571,0.61111,0.5581
2,110,0.38047,0.48297,0.57853,0.63138,0.68054,0.71572,0.73815,0.75194,0.76087,0.75316,0.73153,0.71396,0.64706,0.38861,0.48658,0.55853,0.60615,0.64118,0.65491,0.65371,0.66315,0.65993,0.64641,0.63234,0.61736,0.56993,0.37278,0.487,0.57199,0.62999,0.64906,0.65392,0.66182,0.6595,0.65361,0.6421,0.62918,0.61539,0.56213
2,120,0.38688,0.48643,0.58176,0.63401,0.68372,0.71835,0.73986,0.75416,0.76354,0.75585,0.73461,0.71842,0.65631,0.39351,0.48921,0.56209,0.60861,0.64393,0.65717,0.656,0.66597,0.66262,0.64955,0.63557,0.62114,0.57758,0.38021,0.49068,0.57411,0.63215,0.65166,0.65771,0.66441,0.66257,0.65641,0.645,0.6326,0.6189,0.568
2,130,0.38777,0.48775,0.58461,0.63663,0.68461,0.72001,0.74206,0.75629,0.76557,0.75796,0.7381,0.72237,0.6639,0.39599,0.49201,0.56431,0.61112,0.64642,0.65873,0.65839,0.66736,0.66425,0.65132,0.63799,0.62332,0.58233,0.38099,0.49253,0.57676,0.6349,0.65395,0.65957,0.66689,0.6645,0.65863,0.64747,0.63461,0.62251,0.57412
2,140,0.39249,0.49187,0.58599,0.63875,0.68627,0.72162,0.74333,0.75745,0.76663,0.75994,0.74094,0.72496,0.66768,0.39967,0.49364,0.56625,0.61293,0.64667,0.65994,0.65971,0.66982,0.66654,0.65372,0.63931,0.6258,0.58485,0.38546,0.49554,0.57812,0.63563,0.65522,0.66003,0.66815,0.66589,0.65985,0.64982,0.6371,0.62429,0.57669
2,150,0.39133,0.49263,0.58942,0.64177,0.68951,0.72449,0.74559,0.75928,0.76847,0.7612,0.74262,0.72864,0.67264,0.39846,0.49519,0.56879,0.61596,0.64936,0.66324,0.66317,0.6723,0.66962,0.65622,0.6431,0.62826,0.58819,0.38484,0.49607,0.58205,0.63832,0.65886,0.66402,0.67176,0.66979,0.6639,0.65335,0.64133,0.62813,0.58128
2,160,0.39612,0.49549,0.5894,0.64214,0.69116,0.72605,0.74734,0.76083,0.77013,0.76273,0.74505,0.73043,0.6764,0.40335,0.49803,0.57026,0.61653,0.65112,0.66408,0.66399,0.67314,0.67202,0.65858,0.64481,0.63065,0.59157,0.3893,0.49994,0.58174,0.63967,0.66042,0.66472,0.67285,0.67103,0.66581,0.6551,0.64274,0.63004,0.58493
2,170,0.39934,0.49783,0.59307,0.64531,0.69161,0.72673,0.74863,0.76272,0.77213,0.76516,0.74791,0.73292,0.68037,0.40578,0.49995,0.57263,0.61861,0.65259,0.66641,0.66629,0.67518,0.67351,0.65953,0.64588,0.63208,0.59343,0.39338,0.50119,0.58432,0.64263,0.66189,0.66751,0.67456,0.67252,0.66723,0.65712,0.64566,0.63264,0.58806
2,180,0.39965,0.49867,0.59341,0.64621,0.69389,0.72779,0.74946,0.76356,0.7726,0.76639,0.74903,0.73447,0.68327,0.40562,0.50054,0.573,0.61966,0.65404,0.66765,0.66712,0.67614,0.67447,0.66154,0.64863,0.63507,0.59622,0.39282,0.50237,0.5853,0.6441,0.66289,0.66767,0.67657,0.6742,0.66949,0.65917,0.64714,0.63494,0.59149
2,190,0.3991,0.49899,0.5943,0.64718,0.69496,0.72927,0.75096,0.76484,0.77384,0.76748,0.75073,0.73667,0.68699,0.40524,0.50192,0.57424,0.62151,0.65582,0.66929,0.66938,0.67833,0.67623,0.6634,0.65103,0.63634,0.59965,0.39381,0.50302,0.58773,0.64549,0.66464,0.66984,0.67793,0.67589,0.6709,0.66058,0.6488,0.63667,0.59533
2,200,0.4017,0.50045,0.59617,0.6486,0.69656,0.72985,0.75224,0.76576,0.77492,0.76917,0.75253,0.73835,0.69007,0.40831,0.50235,0.57459,0.62204,0.65736,0.67018,0.66984,0.67841,0.67645,0.66472,0.65228,0.63764,0.60126,0.39594,0.5033,0.58767,0.64557,0.66406,0.67129,0.67959,0.67663,0.67248,0.66126,0.64959,0.63779,0.59761
2,210,0.40211,0.4991,0.59614,0.64875,0.69667,0.73022,0.75218,0.76554,0.77528,0.77004,0.75345,0.7394,0.69171,0.40804,0.50197,0.57479,0.62218,0.65774,0.67025,0.67011,0.6791,0.67802,0.6655,0.65265,0.63796,0.60245,0.39712,0.50219,0.58759,0.64681,0.66653,0.672,0.68048,0.67779,0.673,0.6622,0.65089,0.63891,0.59894
2,220,0.40514,0.50297,0.59868,0.65027,0.69776,0.73183,0.753,0.76696,0.77657,0.7711,0.75564,0.74178,0.69372,0.41074,0.506,0.57766,0.62444,0.65943,0.67247,0.67253,0.68143,0.67971,0.66722,0.65462,0.63976,0.60496,0.40018,0.50759,0.59,0.64901,0.66813,0.67434,0.68223,0.67965,0.67503,0.66452,0.653,0.64069,0.60124
2,230,0.40493,0.50393,0.59946,0.65174,0.69943,0.73303,0.75388,0.76844,0.77807,0.7726,0.75691,0.74292,0.69761,0.41099,0.50707,0.57925,0.62545,0.6599,0.67303,0.67378,0.68225,0.68098,0.66853,0.65584,0.64105,0.60692,0.39932,0.5072,0.59164,0.6497,0.6691,0.67474,0.68291,0.68112,0.67556,0.66524,0.6536,0.64192,0.60364
2,240,0.40758,0.50587,0.59985,0.65156,0.69948,0.73269,0.75416,0.7688,0.77833,0.77309,0.75797,0.74333,0.69967,0.41228,0.50769,0.57883,0.62474,0.65971,0.67404,0.67451,0.68259,0.68184,0.66942,0.65673,0.64194,0.60872,0.40231,0.50899,0.59233,0.64988,0.67014,0.67585,0.68391,0.68176,0.67712,0.66622,0.65426,0.64312,0.60521
2,250,0.40765,0.50679,0.60039,0.65187,0.69895,0.73258,0.75451,0.76831,0.77872,0.77413,0.75861,0.7441,0.70081,0.41316,0.50882,0.57859,0.62506,0.65943,0.67328,0.67399,0.68271,0.68146,0.66885,0.65674,0.64203,0.60977,0.40208,0.50892,0.59234,0.64983,0.66972,0.67551,0.68394,0.68161,0.67719,0.66631,0.65495,0.64304,0.60668
2,260,0.40732,0.50651,0.60094,0.65299,0.70093,0.73406,0.75485,0.76896,0.77896,0.77464,0.75962,0.74565,0.70211,0.41246,0.50889,0.57965,0.62668,0.66108,0.67468,0.6749,0.68427,0.683,0.67024,0.65845,0.64319,0.61079,0.402,0.50867,0.59243,0.65076,0.67081,0.6762,0.68481,0.68193,0.67764,0.66747,0.65565,0.6444,0.6072
2,270,0.4101,0.50893,0.60286,0.65416,0.70212,0.73513,0.75598,0.77018,0.77973,0.77506,0.76032,0.74623,0.70377,0.41557,0.51122,0.58187,0.62779,0.66191,0.67503,0.67645,0.6843,0.68356,0.67017,0.65864,0.64325,0.61224,0.40527,0.5113,0.59474,0.65193,0.67193,0.67764,0.68496,0.68348,0.67892,0.66907,0.65738,0.6452,0.60881
2,280,0.40928,0.508,0.60264,0.65507,0.70193,0.7356,0.75661,0.77045,0.78043,0.77586,0.76075,0.74723,0.70502,0.41439,0.51036,0.58089,0.62799,0.66279,0.67615,0.67736,0.68603,0.68406,0.67071,0.65911,0.64328,0.61382,0.40412,0.51152,0.59427,0.65297,0.67257,0.67734,0.6859,0.6846,0.67961,0.66909,0.65728,0.64592,0.60969
2,290,0.40923,0.50781,0.60251,0.65499,0.70304,0.73603,0.75739,0.77054,0.78089,0.77691,0.76179,0.74845,0.70695,0.41409,0.50972,0.58167,0.62821,0.66253,0.67655,0.67814,0.68594,0.68506,0.67174,0.65979,0.64492,0.6149,0.4043,0.51016,0.59516,0.65239,0.67234,0.67817,0.68672,0.68423,0.67965,0.66969,0.65819,0.64636,0.61096
2,300,0.41112,0.51059,0.60557,0.65725,0.70482,0.73644,0.75708,0.77141,0.78131,0.77695,0.76152,0.74864,0.7081,0.41709,0.51272,0.58345,0.63043,0.66393,0.67807,0.67983,0.68694,0.68556,0.67275,0.6605,0.64619,0.61655,0.40511,0.51358,0.59738,0.65439,0.67391,0.68009,0.68871,0.68549,0.6807,0.67073,0.65912,0.64712,0.61273
3,0,0,0,0,0,0,0,0,0,0,0,0,0,0,0,0,0,0,0,0,0,0,0,0,0,0,0,0,0,0,0,0,0,0,0,0,0,0,0,0
3,10,0.17215,0.2591,0.32198,0.31828,0.39077,0.37825,0.39242,0.3906,0.34524,0.27124,0.32065,0.23183,0.1686,0.15506,0.25448,0.29787,0.30177,0.30488,0.32867,0.32842,0.31988,0.32148,0.37491,0.35013,0.26292,0.19298,0.16518,0.23753,0.28163,0.32179,0.36451,0.38573,0.31886,0.33606,0.36888,0.35676,0.31474,0.2605,0.16653
3,20,0.24,0.36961,0.446,0.49666,0.55182,0.56577,0.59387,0.59957,0.59401,0.53948,0.52006,0.42678,0.26783,0.24743,0.36942,0.41868,0.43978,0.47474,0.49791,0.48102,0.49123,0.49973,0.52607,0.50629,0.44685,0.3071,0.24393,0.35564,0.42161,0.46831,0.50713,0.51242,0.50405,0.50506,0.52488,0.50916,0.47715,0.43978,0.30013
3,30,0.2875,0.41957,0.50144,0.55776,0.60682,0.62402,0.65558,0.66438,0.67091,0.63715,0.6214,0.56855,0.39751,0.29647,0.40971,0.47259,0.50286,0.53218,0.55786,0.54861,0.55498,0.56916,0.59023,0.57215,0.54073,0.41293,0.28612,0.40539,0.48114,0.52782,0.56439,0.5693,0.56865,0.56252,0.58548,0.57071,0.54818,0.5237,0.39819
3,40,0.3117,0.44275,0.53254,0.59218,0.63828,0.66336,0.68712,0.69605,0.70285,0.67844,0.66489,0.62597,0.47756,0.32257,0.42875,0.50012,0.53764,0.56518,0.59027,0.58397,0.58902,0.60325,0.61755,0.59804,0.57269,0.49361,0.30575,0.42857,0.5139,0.55969,0.59576,0.59965,0.60298,0.59533,0.61196,0.59796,0.578,0.55873,0.46756
3,50,0.33573,0.46014,0.54956,0.61198,0.65595,0.68494,0.70631,0.71443,0.72123,0.70251,0.68866,0.65627,0.5247,0.34543,0.44439,0.5177,0.55609,0.58598,0.61026,0.60577,0.61083,0.62153,0.63318,0.61293,0.59068,0.52128,0.32718,0.44617,0.53309,0.57775,0.61296,0.61775,0.62415,0.61557,0.62766,0.61459,0.59556,0.57791,0.50016
3,60,0.34331,0.46871,0.56058,0.62485,0.66764,0.69675,0.71883,0.72672,0.73295,0.71623,0.70404,0.67678,0.56207,0.35299,0.45243,0.52929,0.56965,0.59885,0.62309,0.62045,0.62548,0.63472,0.64286,0.62381,0.60389,0.54057,0.33624,0.45551,0.545,0.58885,0.62549,0.63062,0.63661,0.62957,0.63907,0.6265,0.6086,0.59122,0.52517
3,70,0.35574,0.47802,0.56919,0.63212,0.67477,0.70444,0.7262,0.7343,0.74096,0.72626,0.71486,0.69131,0.58858,0.36441,0.46141,0.53764,0.57724,0.60593,0.63004,0.62937,0.63362,0.64205,0.64859,0.63133,0.61265,0.55354,0.34697,0.46473,0.55449,0.59673,0.63263,0.63865,0.64484,0.63827,0.64731,0.63444,0.61797,0.60134,0.5396
3,80,0.3642,0.48323,0.57475,0.63724,0.68093,0.71044,0.73083,0.73976,0.7459,0.73354,0.72298,0.7013,0.60952,0.37115,0.46615,0.54198,0.58412,0.61343,0.63657,0.63566,0.63924,0.64723,0.65385,0.63632,0.6192,0.56572,0.35608,0.47006,0.55959,0.60275,0.63781,0.64349,0.6512,0.64446,0.65188,0.63976,0.62431,0.60719,0.55142
3,90,0.37083,0.48897,0.5787,0.64153,0.68496,0.71405,0.73435,0.74394,0.75083,0.7391,0.72907,0.70803,0.62473,0.37752,0.47046,0.54744,0.58828,0.61663,0.64116,0.64032,0.64366,0.65132,0.65713,0.64106,0.62447,0.57428,0.36305,0.47514,0.56489,0.60676,0.64238,0.64881,0.65601,0.64918,0.65714,0.64457,0.62961,0.61306,0.56224
3,100,0.37515,0.49283,0.58318,0.64602,0.68888,0.71779,0.73865,0.74801,0.75507,0.74395,0.73454,0.71477,0.63697,0.38129,0.47306,0.55126,0.59279,0.62045,0.64464,0.64488,0.64957,0.65641,0.66186,0.64537,0.62822,0.58166,0.36797,0.47778,0.56939,0.61098,0.64706,0.6524,0.65989,0.65329,0.6621,0.64944,0.63541,0.6183,0.56965
3,110,0.37756,0.49579,0.58728,0.64819,0.69068,0.72025,0.74183,0.75104,0.75761,0.74783,0.73832,0.71869,0.64288,0.38385,0.47492,0.55432,0.59597,0.62408,0.6474,0.64766,0.65252,0.65917,0.66467,0.64834,0.63229,0.58521,0.37061,0.48094,0.57277,0.6141,0.64882,0.65518,0.66201,0.65704,0.66454,0.65224,0.63854,0.62197,0.57159
3,120,0.38386,0.49975,0.58974,0.6515,0.69318,0.72264,0.74371,0.75373,0.76026,0.75078,0.74155,0.72248,0.65342,0.38792,0.4799,0.55707,0.59857,0.62603,0.65032,0.65003,0.65421,0.66167,0.66673,0.6512,0.6355,0.59023,0.37707,0.48554,0.57634,0.61613,0.65095,0.65779,0.66466,0.66008,0.66671,0.65513,0.64178,0.62571,0.57907
3,130,0.38548,0.50098,0.59146,0.65372,0.69496,0.72443,0.7455,0.75622,0.7622,0.75355,0.7443,0.72633,0.66074,0.39111,0.48201,0.55922,0.60082,0.6287,0.65209,0.65279,0.65782,0.66361,0.66835,0.6531,0.63835,0.59522,0.37908,0.48837,0.57804,0.61794,0.65372,0.65998,0.666,0.66189,0.66858,0.65726,0.64346,0.62801,0.58406
3,140,0.38942,0.50439,0.5931,0.6549,0.69657,0.72599,0.74732,0.75777,0.76411,0.75495,0.74684,0.72857,0.66415,0.39382,0.48429,0.5614,0.60202,0.6297,0.65385,0.65519,0.65957,0.6659,0.67071,0.65554,0.64013,0.59752,0.38304,0.49186,0.58084,0.62009,0.65512,0.66218,0.66867,0.66525,0.67118,0.65959,0.64565,0.63085,0.58632
3,150,0.38856,0.50473,0.59638,0.65777,0.70042,0.72831,0.74933,0.75944,0.76581,0.75723,0.74865,0.7316,0.67015,0.39286,0.48678,0.56494,0.60506,0.63315,0.65666,0.6582,0.66261,0.66815,0.67338,0.65837,0.64352,0.60081,0.38236,0.49104,0.58348,0.623,0.65797,0.66478,0.67178,0.66775,0.67407,0.66302,0.64948,0.63427,0.58967
3,160,0.39366,0.5078,0.59772,0.65913,0.70109,0.73019,0.75112,0.76115,0.76788,0.75936,0.75108,0.73369,0.67392,0.39765,0.48854,0.56632,0.60591,0.63481,0.65758,0.65948,0.66293,0.66983,0.67439,0.65975,0.64456,0.60405,0.38706,0.49565,0.58444,0.62389,0.65871,0.66598,0.67381,0.66915,0.67483,0.66462,0.65128,0.63533,0.59263
3,170,0.39709,0.5093,0.59977,0.66121,0.702,0.73098,0.75284,0.76293,0.77018,0.76169,0.75295,0.73559,0.67767,0.4005,0.49097,0.56837,0.60868,0.63611,0.65973,0.66156,0.66555,0.67184,0.67651,0.66174,0.64658,0.60687,0.39048,0.49616,0.58724,0.62675,0.65938,0.66799,0.67551,0.6717,0.67665,0.66524,0.65216,0.63788,0.59543
3,180,0.39688,0.5099,0.60105,0.66234,0.70378,0.73256,0.75337,0.76352,0.77113,0.76256,0.75385,0.73736,0.6808,0.40081,0.49092,0.56835,0.61002,0.63719,0.6608,0.66237,0.66686,0.67306,0.67742,0.6639,0.64939,0.60939,0.39073,0.49625,0.58897,0.62747,0.66159,0.66888,0.6765,0.67183,0.67865,0.66761,0.65467,0.64073,0.59842
3,190,0.3978,0.51053,0.60254,0.66445,0.70519,0.73309,0.75483,0.76499,0.77171,0.76416,0.75564,0.73936,0.6845,0.40065,0.4927,0.57045,0.6118,0.63887,0.66259,0.66437,0.66872,0.67512,0.67931,0.6653,0.6511,0.61297,0.39089,0.49804,0.59051,0.6284,0.66399,0.67065,0.67852,0.67481,0.67932,0.66941,0.65753,0.64244,0.60232
3,200,0.39938,0.51183,0.60343,0.66508,0.70609,0.73482,0.75552,0.76666,0.77265,0.7651,0.75725,0.74107,0.68796,0.40317,0.49339,0.57149,0.61276,0.63964,0.6637,0.66519,0.66959,0.67579,0.68029,0.66639,0.65223,0.61443,0.39317,0.49943,0.59099,0.62952,0.66449,0.67232,0.67934,0.67549,0.68106,0.67046,0.65872,0.64457,0.60402
3,210,0.40019,0.51117,0.60325,0.66494,0.70648,0.73426,0.7559,0.76723,0.7739,0.76616,0.75913,0.74175,0.69013,0.4033,0.4933,0.5717,0.61306,0.64065,0.66462,0.66595,0.67069,0.67637,0.68099,0.66729,0.65286,0.61601,0.39415,0.49838,0.59024,0.63108,0.66459,0.6722,0.68041,0.67679,0.68161,0.67222,0.65983,0.64433,0.60467
3,220,0.40284,0.51583,0.606,0.66615,0.7073,0.73586,0.75675,0.76752,0.7748,0.76686,0.76049,0.74318,0.69185,0.40603,0.49636,0.5742,0.61494,0.64284,0.66641,0.66748,0.67152,0.67788,0.68188,0.66881,0.65429,0.61808,0.39686,0.5041,0.59377,0.63322,0.6669,0.67488,0.68289,0.67845,0.6839,0.6741,0.66186,0.64714,0.60739
3,230,0.40262,0.51455,0.60772,0.66739,0.70895,0.73733,0.75728,0.76873,0.7758,0.76832,0.7612,0.74454,0.69497,0.40564,0.49654,0.57529,0.6163,0.64327,0.66717,0.66915,0.67305,0.6786,0.68254,0.66986,0.65596,0.62004,0.39682,0.50378,0.59392,0.63328,0.66774,0.67599,0.68292,0.67999,0.68485,0.67441,0.66305,0.64781,0.60964
3,240,0.40603,0.51718,0.60688,0.66812,0.70871,0.73738,0.75871,0.76904,0.77675,0.76926,0.76227,0.74606,0.69676,0.40852,0.49928,0.57591,0.61669,0.64296,0.6674,0.66967,0.67291,0.67896,0.68285,0.67101,0.65667,0.62139,0.39974,0.50597,0.59578,0.63367,0.66807,0.67607,0.68368,0.68087,0.68485,0.67504,0.6631,0.6487,0.61092
3,250,0.40527,0.51814,0.60798,0.66786,0.70897,0.73751,0.7589,0.76932,0.77786,0.77049,0.76264,0.74647,0.69818,0.40833,0.49935,0.5761,0.61619,0.64354,0.66737,0.66939,0.67364,0.67921,0.68304,0.67133,0.65682,0.62222,0.39985,0.50546,0.59618,0.63408,0.66724,0.67532,0.68337,0.68014,0.68446,0.67617,0.66347,0.64847,0.61211
3,260,0.40473,0.51834,0.6088,0.66937,0.71026,0.73778,0.75925,0.76988,0.77737,0.77018,0.76279,0.74799,0.6995,0.40857,0.49953,0.5769,0.61733,0.6445,0.6692,0.67084,0.67513,0.68008,0.68536,0.6724,0.65802,0.62291,0.39918,0.50654,0.59667,0.63574,0.66939,0.67717,0.68595,0.68185,0.68662,0.67752,0.66487,0.64971,0.61303
3,270,0.40864,0.51959,0.60974,0.67016,0.71154,0.73902,0.76039,0.77082,0.7779,0.77078,0.76325,0.74799,0.70134,0.41119,0.50146,0.57809,0.61866,0.64626,0.66978,0.67157,0.67581,0.68113,0.68536,0.67321,0.65839,0.62462,0.40284,0.50904,0.59804,0.63587,0.67009,0.67826,0.68544,0.682,0.68706,0.67839,0.66572,0.65091,0.61461
3,280,0.40756,0.51932,0.61046,0.67051,0.71232,0.73987,0.76099,0.77214,0.7792,0.77149,0.76344,0.7487,0.7029,0.41057,0.50121,0.57806,0.61937,0.64669,0.67094,0.67291,0.67721,0.68273,0.68698,0.67381,0.65955,0.62641,0.40218,0.50765,0.59757,0.63684,0.67148,0.67886,0.68667,0.68289,0.68826,0.67876,0.6662,0.65169,0.61603
3,290,0.40771,0.51979,0.6099,0.67088,0.71259,0.7406,0.76122,0.7721,0.77983,0.77222,0.76507,0.7501,0.70492,0.4096,0.50037,0.57823,0.61926,0.64695,0.67056,0.6733,0.6777,0.68229,0.68655,0.67416,0.66003,0.62646,0.40161,0.50728,0.59775,0.63694,0.67145,0.67855,0.68634,0.68264,0.6881,0.67931,0.6667,0.6524,0.61733
3,300,0.40971,0.52248,0.61297,0.67197,0.71334,0.74096,0.76279,0.77253,0.77995,0.77313,0.76592,0.74984,0.7063,0.41251,0.50303,0.58027,0.62156,0.64802,0.67192,0.67455,0.67878,0.68344,0.68744,0.67547,0.66035,0.62799,0.40396,0.5115,0.59972,0.63903,0.6732,0.68012,0.68778,0.68479,0.68907,0.67926,0.66776,0.65297,0.61838
